Date,BRK-A,AMZN,GOOG,GOOGL,NFLX,ADBE,NVDA,TMO,ASML,AVGO
2020-01-02,,,,,,,,,,
2020-01-03,-0.9074945728552186,-1.213905034428406,-0.49072021190028653,-0.5231342533468151,-1.1855321824847735,-0.7834210969610905,-1.6005896728258682,-1.0877139111641254,-1.611453439895878,-2.5435001277887093
2020-01-06,0.31106721115714053,1.4885589964526775,2.4657097228580707,2.665406203501443,3.0469447259134697,0.5726150237980272,0.4193622027454036,0.7186656144292977,-0.795453136174417,-0.14959900073677176
2020-01-07,-0.38476235266453074,0.20915561982559716,-0.062400581086258664,-0.19316453087366364,-1.5126661630534555,-0.0958846947451072,1.2106544711277378,0.5659075600895734,1.0860127109157882,-0.3442504138725501
2020-01-08,0.08468549812482111,-0.7808656515329976,0.7880331245853316,0.7117756890282141,2.572943239795918,1.3437656414137586,0.18756352660199152,0.1590271780422368,1.037512731363515,-1.2474530681686649
2020-01-09,1.2013986343856504,0.47992717990262346,1.104449866044447,1.0497921475491758,-1.0611348228170658,0.7636123737323558,1.098260941662259,0.6442620437995068,-0.16893999055290593,-0.8032461011354366
2020-01-10,-0.8966885449349333,-0.941059634882603,0.6972683152545897,0.6458646435535624,-1.9692593091295345,-0.18799078439988434,0.5349325630009254,-0.2669677420552386,-1.7253928731618153,-2.2987229027769165
2020-01-13,0.7848670576304069,0.4322529419005712,0.6644611311071017,0.7746940895469347,2.9995520440425105,1.7127239828237253,3.135227706220022,1.0008147259268496,1.7793269462190953,0.6550388560048197
2020-01-14,-0.6267955841390676,-1.1558243989587913,-0.5801696531653652,-0.6555462930986106,-0.06786586132871397,-0.28932673259633657,-1.8652227912245478,0.23492899796673733,0.36489058389848034,2.3241985585236984
2020-01-15,0.5412290948794563,-0.39690613807141123,0.5814566043743056,0.6018485769698141,0.11219843516882116,-0.4903816897721706,-0.6915303097309011,0.7211606959837265,-0.8163854360274168,-1.635401954165338
2020-01-16,0.5707196029776676,0.854981241233256,0.8685381061764086,0.7615399791313364,-0.13271955564059912,0.711495428948433,1.3682503481324324,0.45941366805856654,0.333237834228056,1.2898204767803891
2020-01-17,0.13497627030086645,-0.703961314823814,1.9763080830444775,2.024603123762859,0.3100875098009174,1.2623734118719014,0.1406090660889626,0.727575983724246,-0.3454060625498644,0.566696276175549
2020-01-21,-0.6725222483114474,1.4629558177890158,0.27087522382250706,0.1845179810148786,-0.4592775383464266,0.07434373331192606,-0.5375507467794718,-0.5690089399456614,-0.5466136370773627,-0.23318502804131605
2020-01-22,0.5982781263680139,-0.23995978131606766,0.10441435814610033,0.10929297467954124,-3.5816704256665743,0.017142159598214288,0.8752127019790491,0.8272543026693313,-0.7205028474629162,1.590563869087968
2020-01-23,-0.08297069915868872,-0.15258627692329982,0.047112841292897945,0.05525728613427117,7.239265675925038,0.4856345251921275,1.09951554633842,-1.3733193462712758,-0.6514664413241574,2.134373117178692
2020-01-24,-1.2238178471258427,-1.2172442635055039,-1.3412748897926754,-1.247391589613388,1.0183059200346936,-0.11087520969122208,-0.9412399585254921,-0.5068989537758102,0.5130341559993358,1.3608705418424139
2020-01-27,-1.9335741727635882,-1.7887480160557971,-2.2369750937305874,-2.3489815263097205,-2.910861556432762,-1.2721636118110506,-4.104112820191142,-0.8151539143339839,-3.9042724936428352,-4.620368332124339
2020-01-28,0.7130846079833104,1.362439953475022,1.3013483410262574,1.3110027580133983,1.6448856890290162,2.228311075910476,3.2347988316227956,0.6949542931631956,2.075415373363766,3.0029463165673205
2020-01-29,0.14166666666666666,0.25630648860110616,0.41787919564158515,0.42743544790589455,-1.5379276714461954,-0.8374929306065239,-0.9799564724032447,0.18904854926465667,2.0539099907022464,-0.2513243426408254
2020-01-30,1.6417218464318408,0.6824571426769254,-0.19127805222436475,-0.16818502464451116,1.3346504614142864,1.4445733149530144,0.10996439509000822,-4.201996184567821,-0.5943120643155102,-0.727530131337747
2020-01-31,-1.7555555555555558,7.379130210874534,-1.4843654425564603,-1.4763603715403129,-0.762061876949583,-1.5697639006656827,-3.815961657580185,-2.085273608716152,-4.660643977347272,-3.185292261937063
2020-02-03,-0.3380992630864653,-0.22501989312466628,3.6054162611075533,3.4771524777262024,3.741054159526752,1.9536324729127605,1.6495476480608058,1.6443715218880648,2.67227963002275,0.022943351776901943
2020-02-04,0.7647972286925879,2.268734248623161,-2.6158523661731627,-2.508427223705584,3.0754217222416202,2.4413380542946927,2.829438549365685,2.393654846139417,3.8416111332723455,2.0869479032506115
2020-02-05,1.53932327863411,-0.47812219193067484,0.08016434745689723,0.04427910650286353,0.17885792922760368,-0.32448123277902974,1.468857733555777,2.003304429352455,2.3694113249982918,1.8549456392555435
2020-02-06,0.42788552748712116,0.5078747849794876,1.933394583568641,2.069079275592641,-0.7357916849901187,0.5225013612067356,1.3917760841371598,-0.1473568282951608,1.0544494639091109,0.7278281478162691
2020-02-07,-0.9244916167995326,1.4169165949608835,0.20322036807892255,0.21274244806902504,-0.049059323442073324,-0.37282837561786136,-1.0462168529527271,-1.743986066687251,-1.479562583135744,-1.3950783010268313
2020-02-10,-0.15811088295687886,2.6273461026302227,1.9909056489549468,1.9978263361599438,1.172401897470036,1.0680443883259112,4.523237899913979,2.369647979892657,1.5444112124092473,-0.32675844747725935
2020-02-11,0.12310458601308612,0.7915112359197047,0.007290170721881444,0.09279919811912718,0.7060649110609214,-0.1945949245143581,1.8709244402349434,1.1498997458469278,2.04404707619266,1.8968781837274085
2020-02-12,0.06455777921239508,0.42774553482494304,0.6283167454260548,0.5675235392321615,1.6912433522247239,1.3566967564412478,1.7357964471406417,-0.9503176208333038,0.4525156273309695,1.4180383351176595
2020-02-13,-0.7331378299120235,-0.46897605613425924,-0.23776965263906386,-0.3450471950064856,0.3657756625191693,0.14694161757265853,-0.645780410434055,0.30486840360798584,-0.05985991557530559,-0.22482553072967754
2020-02-14,0.5093057607090103,-0.697716568088461,0.40140730708460887,0.3528479617696553,-0.26219192868456354,1.2885543530658465,7.020453807061466,1.0727432051560077,-0.2994497276397379,-1.9137471219079751
2020-02-18,-0.14078959744168548,0.97428899866292,-0.07035695095369991,0.0467470153766816,1.9400644062104715,-0.2159789541490425,2.3396354188917003,-0.5365680980350157,-2.251021850953549,-2.209154014239435
2020-02-19,1.2524098956570369,0.6749664538376718,0.46193563457450904,0.3573720528836405,-0.41002536048681226,1.1693262780549658,6.113236274964835,0.7024784508261004,2.6554205732201153,1.5897135457449303
2020-02-20,-0.5459302325581395,-0.7888542764320968,-0.5593746811694649,-0.5167656854712336,-0.049199212875826445,-1.1271152520291905,-1.9065860730096629,-1.083167587397384,-1.2350780202971716,-2.0431614998556
2020-02-21,0.3878733317354628,-2.6533892695148644,-2.1763355749542583,-2.2102999698564005,-1.5362675325858013,-1.5859139179760344,-4.739227897759916,-0.33328302485863714,-2.3830023572365056,-1.5327738321182647
2020-02-24,-2.9870519349306592,-4.135552171653819,-4.277125610748165,-4.287272812253343,-2.991552845023201,-4.1667805433118845,-7.069740251046443,-3.5200286420289806,-5.0980483314395055,-4.236458973703821
2020-02-25,-1.5576697980131458,-1.8190529051335276,-2.3311936244087392,-2.362207499931436,-2.3352361226139466,-2.688793198476281,-4.109344337550166,-4.183825136632714,-2.000683495906606,-3.0589775895819056
2020-02-26,-1.1277439024390243,0.34723154697764685,0.3406750481045582,0.2993554572428532,5.318113274803382,1.0178288295481766,2.1369907691956387,-0.15179449767669648,0.6079043141470838,1.1320198364528051
2020-02-27,-3.6022090588681506,-4.813618912879304,-5.389833689522876,-5.431258576052633,-1.985549776710848,-3.933513823722983,-5.566556383022351,-3.9073579970344983,-3.1747731982223235,-4.1730804908046135
2020-02-28,-1.126930864726712,-0.029191148642546804,1.611421889639855,1.847982792536625,-0.7209902174784916,2.251720298322175,6.916057190269425,-2.1139125242281462,-0.18757725010507348,-0.48549344016567514
2020-03-02,4.983564976576856,3.726606565195753,3.7167860743975165,3.5146497135756953,3.257184796204235,4.392676134850347,2.3549496123403615,4.869325186933781,3.8957702004465444,4.530111822675669
2020-03-03,-3.2622496147919877,-2.3009781243647214,-3.4352910285248437,-3.5056824880887842,-3.222673972625574,-3.3140897307265034,-3.812889254570763,1.7707334395300593,-1.109600539735614,-3.761804175298135
2020-03-04,3.8899188949839765,3.5013261547854566,3.364420816464818,3.2802085521492614,4.0730048482044845,4.4525492130338815,7.002902499145772,5.245527474749008,6.088634184159866,4.083875063590396
2020-03-05,-3.411268685320046,-2.6216793909353386,-4.86685944077197,-4.837866748800834,-2.8687588317808697,-3.5234319387565014,-3.9436342656968715,-4.209531614005924,-4.429555183324028,-3.9971988942697934
2020-03-06,-1.3034920634920635,-1.1922923825126475,-1.564016578107451,-1.446653335207586,-1.0220498876200292,-4.0623336510309755,-2.6528539435768583,-0.5497183409663549,-0.048573325478135324,-1.6749368383397085
2020-03-09,-6.719010337928682,-5.285387976123124,-6.380879183383749,-6.170215612270604,-6.092639215100167,-9.199151194999239,-7.7432030337451785,-5.08403476590115,-8.399563172696627,-8.064572288794878
2020-03-10,4.674402165479905,5.065503450470513,5.333340429899251,4.884067394449179,5.091060390086688,8.695508549941533,6.372219573453583,4.181474103441229,6.005846932460649,6.127874053237978
2020-03-11,-3.765635242998936,-3.75088343246898,-5.07501462252436,-5.040113656716853,-3.902450021840773,-5.15975499264192,-5.595978228156897,-5.9538465469316515,-5.583360886733732,-6.439705051862342
2020-03-12,-6.890767808852223,-7.9220808387498804,-8.268814406146472,-8.204638994372104,-9.907982423787384,-9.589826454575492,-12.236790063073828,-1.7485688117347606,-8.855159138636237,-11.054190204841301
2020-03-13,6.25,6.464831749508493,9.401650633289453,9.241146704227999,6.677236413312847,17.719298245614034,11.340208879146791,5.638863060394349,6.728972213638605,7.0573110331773865
2020-03-16,-7.26643598615917,-5.36974653142507,-11.100819573363866,-11.634151980939551,-11.138861972882095,-14.745156846707339,-18.452090753709964,-6.920565287154541,-10.73749635618409,-19.912895189268546
2020-03-17,4.570149253731343,7.026607446986334,3.2711530817145804,4.199446280871388,6.9970565916039495,9.013040201838736,10.626290709782761,6.071243333384397,3.915238196311542,6.359937286113718
2020-03-18,-8.54528845879364,1.225774106041091,-2.053938113689992,-2.4032803051113487,-1.3385453570905004,-5.516183682917066,-6.650713407774845,2.2510176754703592,-17.34916547543615,-15.858851827320308
2020-03-19,2.1030042918454934,2.7830630443135123,1.6858123095572992,1.876859542223138,5.249309758301981,4.378678610865381,5.004431372915258,-7.307423244018836,8.650185173533998,15.833683190607072
2020-03-20,-1.6599793648973977,-1.852279824116151,-3.8528177665388186,-3.9094408673254,0.24093840794804466,-3.9575991158824384,-3.3901419561696886,-0.8794931931902733,0.9671600777612529,0.5334701150719625
2020-03-23,-6.740341796647316,3.073522487251184,-1.4641107093276389,-1.3180888186373627,8.244450184313049,4.039409773044238,3.3730241366082727,-8.287535852487602,7.889854463263138,0.6502949560575516
2020-03-24,11.2875,1.9586626441663308,7.366883664895929,7.198353574163588,-0.8188252642218212,0.8884730315158289,17.156423849592073,10.470036400713886,11.606269480030019,9.970540480969952
2020-03-25,1.373694260361676,-2.796763592001876,-2.818078363621182,-2.5123684217917357,-4.1783254141250294,-1.3193536573840725,-1.4286914021912436,-3.6698226141129227,0.7148107896253818,2.251372777037707
2020-03-26,1.9707562814163149,3.6933157466394966,5.375106376523845,5.564536691402721,6.0165234687376445,5.478738702555522,4.730881988770453,4.221886409825292,5.277213566191043,11.77659630627412
2020-03-27,-2.886325359024973,-2.832538899460128,-4.393375430385195,-4.528259225890847,-1.6171231370312356,-5.218962455350772,-1.7532210811688562,-3.111430081562011,-8.43784469049272,-5.132210766869881
2020-03-30,2.1985931987200047,3.3603482135853504,3.2510724330844836,3.24699156152937,3.8754470562055996,4.106866111117597,5.088435430066295,3.871098572466384,6.100068899338424,4.0833936803481645
2020-03-31,-0.7375347144926848,-0.7245592210870279,1.394300156395876,1.3643684325086907,1.2238539598606966,-0.04711969821922814,-0.749265589972892,-0.47725101015323607,-2.3840457641939077,-1.253585275319361
2020-04-01,-3.952205882352941,-2.1551822909264438,-4.918263567974752,-5.150822161107376,-3.0412818715670773,-5.351306970175165,-7.788320526659426,-2.9619232113622993,-4.827255823839381,-5.681144743803956
2020-04-02,3.913875598086124,0.5834253377201946,1.376600529145761,1.3546914110944992,1.6479895136474552,0.9129843225702323,5.101405093386534,4.487643859517026,-0.6947528617918254,6.005449473524858
2020-04-03,-1.2969886729901463,-0.6378882191073191,-2.0484602296186174,-2.178104212678579,-2.24815637389675,-3.405055400208892,-4.524984248035463,-1.8570695536839863,-1.0797417744863305,-1.1811358700695196
2020-04-06,3.4729841689245173,4.772919276371369,8.1101794974401,8.281320973550724,5.030954554994739,8.691809136086723,10.040562749517,7.721202640748332,10.841746111591984,7.760614983436925
2020-04-07,-0.20197648416648636,0.7013456217413241,-0.03454606582635084,-0.05323598438906343,-2.021263514184819,-3.1961934167790926,-3.4910507344155803,-2.44078721526311,0.5384820335254866,0.3287909717751754
2020-04-08,3.722081676906397,1.5609477428491494,2.0033560050576704,2.0666976893598905,-0.31159440902358915,2.670507945357797,3.05757296278564,3.5639606814414275,2.1974381126492806,3.091562847575712
2020-04-09,1.2198648775779708,-0.011746952245472344,0.09666538707407066,-0.03562996776615576,-0.10778020633409151,0.47922932289230213,-1.498403967576546,3.3306280624006988,-0.6353552229369209,-2.604370904747925
2020-04-13,-2.6506024096385543,6.1735155778942525,0.5043631737295045,0.31826483847336073,7.013379346781252,0.6118549152067161,2.6240642097048807,-0.6490733467424884,-0.9790108196330123,2.2099962890334113
2020-04-14,2.4504950495049505,5.276938912335097,4.243726747629798,4.52903931238597,4.24228335361968,6.274753001767669,5.225130128998033,3.504384588606555,5.410435793665705,2.966289402977401
2020-04-15,-2.063990611949056,1.0668615240943071,-0.5326071610070543,-0.6267581201077034,3.191878272679185,-2.4121846071290434,-1.0952691113711877,-0.16546689819107507,-2.2289223844899837,-3.8075018978975312
2020-04-16,-0.5173568281938326,4.355457114634103,0.07920980484336242,0.010340004594263074,2.910372215051992,3.052180059131882,4.935199991297632,0.923804948368073,3.5080926679561952,0.33018151847664184
2020-04-17,0.7503135162709631,-1.378211113483387,1.565532205396805,1.7153992960010065,-3.6910584687093206,0.411430724922023,-0.8076016100200402,0.8332229489773296,1.1114821492565354,2.9385717041672295
2020-04-20,-0.5625879043600562,0.7835834703947369,-1.2967087199249951,-1.39561967051896,3.4353128127581027,0.22377134173055274,-1.8028188208156568,-1.3329981409544798,-1.3766291333452205,-2.8584435654851643
2020-04-21,-2.492927864214993,-2.7360341615917294,-3.968863352778398,-3.8845489661022707,-0.8365914063882043,-4.607403857418989,-6.1104219418623265,-2.304692043889019,-3.5976352082023633,-4.1156951950187075
2020-04-22,1.4179510426110609,1.5192460554657203,3.8533630756412647,3.815502796320046,-2.860561401618108,2.364813219318419,6.174157195112712,4.996558991208691,4.937931741621539,4.9747628311774585
2020-04-23,-0.32539512264893083,1.521477183575211,1.037048318280175,1.013978704798138,1.2529065091974556,-0.415712189968192,-0.7478608297721422,-4.493578832006156,-1.8883342926894142,-0.4000455760347305
2020-04-24,0.25470852017937223,0.4488536852369017,0.23505260181882665,0.42716013223315097,-0.40075507938503685,2.6030984027887225,1.9647258490301793,2.5553076329721693,1.3537442123447563,2.2708797670164427
2020-04-27,0.6455306662849782,-1.4197862070299803,-0.26811746596504543,-0.449631078188016,-0.8494283240816219,1.2786962564484015,2.586398602431398,4.262241724273094,-0.3220976385630301,1.374592190847944
2020-04-28,-0.2360771374936003,-2.6060573179713806,-3.3083017819827747,-3.011348218715316,-4.16489109762757,-4.3185043882263265,-1.9254165744167846,-2.9908623342076646,0.17876775368428083,-1.3857477269377199
2020-04-29,1.478617248752673,2.533615122775063,8.738960393222989,8.891041703206684,1.9958963782224053,4.7143501710064255,2.436864439834686,0.9504801820326265,4.217273489469853,4.264720768200639
2020-04-30,-1.0707675882970618,4.268959996378087,0.5352337578998825,0.33675790728975774,1.9325526650293419,1.2801790098817447,-2.070623499308984,-0.2800630875120188,-5.031119866286309,-1.5940894154281713
2020-05-01,-2.742279020234292,-7.597411517279709,-2.0798457815342792,-2.181629609271652,-1.0908698400053207,-2.7711847937483327,-3.250317511400465,-1.4551299539251317,-3.2486154159912615,-4.388480664965156
2020-05-04,-2.516652979286431,1.3101236487597745,0.4687275990052907,0.42359323114474046,3.101597809512898,1.5326864442183947,3.0094087303675088,-0.936902375788236,1.4763832151859864,0.9857545833501229
2020-05-05,-1.0483750187209824,0.07815485392347593,1.8322230651791778,1.9744496662744064,-0.8104639192268871,2.010833211825971,0.8410832298720311,2.9382954219063273,1.8257019891766975,0.995197795846082
2020-05-06,-1.9600423792946873,1.4436086043926564,-0.2819856684314374,-0.26611657116548365,2.255820206994668,1.794284121879046,1.37877017789506,-0.34788235839444787,1.231128682490116,-0.26050749086387553
2020-05-07,0.6368197607101506,0.6953759936520074,1.8748614896582267,1.7726655889806375,0.522725777788522,1.1751103097005613,2.377516661821096,1.1725971594705504,2.6344716388873173,1.3513593767408074
2020-05-08,1.7372962607861937,0.5068402082920221,1.151857539817638,1.0998434360552805,-0.2245002609370604,0.1990323869234199,2.5027035455125555,-1.7901333118660732,1.6055293556039056,2.718938239775013
2020-05-11,-1.3868365500603135,1.2350717660199677,1.072481737635124,1.3905543779192353,1.141086295487505,1.0639175963133445,3.2384012700839606,2.216152984445788,-0.0032811162800434755,0.13453497527155422
2020-05-12,-0.612000718651687,-2.1606495985107927,-1.9611489916146363,-2.02408914292652,-1.97493460147686,-1.701579639151138,-3.260799266398996,-2.5470741985384326,-2.5493700905567485,-2.523585193189495
2020-05-13,-1.648076923076923,0.4654307868383346,-1.9196966263362172,-1.9524787015194653,1.4936736557021772,-1.7912923680060435,-0.2883571035356561,0.7144527000023867,-0.809086607776118,-1.9743062465657184
2020-05-14,0.20139608548579474,0.8839055572739458,0.5039574492222566,0.6326366375359999,0.8396703597344823,-0.8840871630244336,3.219788797011945,0.9578378599943492,2.82771429698971,1.3110272213312848
2020-05-15,-1.065058736291613,0.8761509004336347,1.2579868052481962,1.1939384621170077,2.7695417799063757,2.7884782171875457,5.731271213787425,1.6691854783047486,-3.308531280904256,-2.3218208197426704
2020-05-18,3.7076776817448454,0.683879037438887,0.7828487287775491,0.88269956156182,-0.3544806932090904,0.7309098048061062,3.056270456840811,1.1810237868974667,4.221643703974601,5.03820966157811
2020-05-19,-1.597565614302016,0.9508489719369999,-0.7554486825536665,-0.7782402921551599,-0.34026648836312484,1.1495532169186327,0.6314085356630479,-1.2075961723128752,0.4460572667592277,-0.5776278724232924
2020-05-20,2.0873598763045997,1.9846187214775723,2.4197560006857697,2.5291042744592476,-0.7471610175024777,3.070927539202624,1.868141895033091,-0.47552565537824193,6.331435479315932,2.474705057234722
2020-05-21,-0.8307459295721317,-2.0496870370330553,-0.27865687248619164,-0.17102629376587805,-2.5509891404816782,-0.38057280100499663,-2.1711121763570462,-1.582874583321424,-2.0421455841370135,-1.39226895070898
2020-05-22,0.45359785571922756,-0.4029895886456858,0.5431989486707754,0.4613463823973698,-1.5885370030443997,0.8085397151325483,2.860297949044793,1.3432541360677783,0.11599271254197498,0.6732149777601081
2020-05-26,2.7503477844420625,-0.616352717939059,0.46794397273847926,0.575274188318447,-3.389084613417255,-2.240046894060614,-3.4178057039580456,-2.2600259714242465,0.1565627117122147,1.9410691333973427
2020-05-27,3.0203824954685015,-0.47361178329826426,0.05786412878864888,-0.07668417259804586,1.234425288806721,-0.3876460813398013,-2.2081333542657218,1.437284619855107,-0.41580390063157446,1.9750498816559108
2020-05-28,-0.5242463958060288,-0.3854063174791504,-0.07828706894436435,-0.14363639707797224,-1.5361194555749589,1.2420963770413007,-0.44866373780736896,1.5977505435262254,0.4520793659847067,-1.5473276011245243
2020-05-29,0.5793491797065352,1.7187962955619505,0.8604366142184133,1.0773937698900915,1.5213836367498699,1.7823815313649416,4.577589823546637,1.8818921359706289,2.9815348728232283,2.8713458205486373
2020-06-01,-1.0910134941142693,1.1738565614295478,0.20294363957154937,0.0941720776511326,1.4747581253149604,0.7966855984583019,-0.7802374271990946,0.040092415644200644,-0.8436820912158506,-0.43944754919007295
2020-06-02,1.0740203193033382,0.055437104426471484,0.5168264650343507,0.5185182979559665,0.32634863050294605,0.1950343307097613,0.21575129271250293,0.2175498178319973,2.4485076463060236,2.7828537644079514
2020-06-03,2.703187823090178,0.24227334654489174,-0.19732673796383232,-0.21216371441890605,-1.2496773696848487,-0.13318026083917134,-0.6317110537232191,-0.8283383752221788,3.456509595750977,3.848222494322271
2020-06-04,0.6249781537278479,-0.7181974414487043,-1.6847875276465827,-1.7335383826211568,-1.8105587189458854,-1.0566335383882908,0.011408876994626593,0.27648798280076414,1.9665031209574722,-0.2067616618706801
2020-06-05,4.530391346334211,0.9103430648924287,1.8559928578955116,1.8185653549567729,1.2719377554225915,1.8403334183944124,1.7509844694131989,1.7377633579736853,1.163945362738287,2.6514150300352433
2020-06-08,0.43699322078957864,1.6536471443314538,0.5714702284786144,0.556938057976489,-0.026219224866618332,1.2420475842761691,-1.2892273493661313,-1.2196411186634017,-2.2311138235898516,0.13878127007029117
2020-06-09,-2.7395900540969778,3.0427187564987355,0.660167489843788,0.2789920777883359,3.4708808070626262,-0.15586382399570983,2.7370743151288566,-0.6373654234543381,0.022895638608924157,-0.692875497053404
2020-06-10,-2.2979707778401455,1.7913244782774027,0.665444812301055,0.8690978113544192,0.09907227403596396,2.4322700103326227,3.545769750287897,1.4813649635235453,-0.4036164723511622,-0.08879471940599985
2020-06-11,-6.779596100278551,-3.3802335033666226,-4.230310795675937,-4.287562562391542,-2.053031946736685,-4.707239946835426,-6.090690299587038,-4.637182752705709,-4.319962592923299,-6.757872283716752
2020-06-12,1.4141165133399818,-0.5058695837251288,0.6653242618838866,0.7860774191694534,-1.7600315530934447,4.8675405534570855,1.5489427748273843,1.0528873130921956,3.058066317618817,2.212762539228066
2020-06-15,0.1624219656372576,1.0868249324997252,0.4719796219515788,0.5534599302043147,1.7772125590485461,-1.2790899044950108,2.700826686705899,0.3119835301466898,2.022908892656482,1.2789338963883583
2020-06-16,0.5603847681242554,1.655475574976202,1.6107332119895,1.8110266935264776,2.498238515349589,2.5738817920222545,-1.147301106292781,1.877820742018388,0.5828424304317521,2.1802722881926346
2020-06-17,0.5557993271902881,0.9830709924976752,0.5822352628811714,0.41964703604765174,2.668925320555971,0.4420960349982131,1.847051990032999,0.7574389931476383,2.9427610945420395,0.8753918990727724
2020-06-18,-0.7272727272727273,0.4922415200471386,-1.0447126516551946,-1.268126416480828,0.4689921511134381,1.6856517413522825,-0.19489007626079513,-0.6888601775286446,-0.974030640047343,1.6813414852799153
2020-06-19,-0.5128205128205128,0.7923959280642594,-0.2952721767817832,-0.661031189930195,0.8558041534894385,1.7956567721030166,0.46919114775309984,1.5225614249739359,0.4987760241593836,-4.022710119406623
2020-06-22,0.14727540500736377,1.4508378829262922,1.4067006859271953,1.826427677427763,3.156133140635576,2.4835879162343444,2.8667808964141934,-0.1615922172463124,1.0036865350282838,3.55716369411443
2020-06-23,0.25735294117647056,1.864156151685613,0.864411785898628,0.9181990249420914,-0.38030910751212693,0.4354306676881994,-0.8056265164894691,1.3232644374178761,0.6450886921260729,-0.7144259501360939
2020-06-24,-2.2955628896222957,-1.0855846534975686,-2.2152308929468867,-2.1366432406308924,-1.8037154132812792,-2.0133912979146205,-2.269838569402781,-2.483053898951601,-1.3801016481601904,-1.390934854084783
2020-06-25,0.5254466296351898,0.7380111359700117,0.6536439690119036,0.5863073009245036,1.7604013216440715,1.2208162575670063,2.755671204070769,1.0920815506105972,1.3745209181865146,0.6124427087022066
2020-06-26,-1.657706093189964,-2.2402674522900425,-5.649638467483246,-5.451386985937306,-4.8314072650712765,-2.295456802629533,-3.530029747396499,-0.2302606126347815,-1.306770919701938,-0.4662501840262777
2020-06-29,0.690584662110858,-0.4638260974890652,2.5788620971731375,2.5415770465460805,0.8660343686849725,-0.6371219748786842,0.49153179776377093,-0.04275506241003115,0.8430896014432554,0.7709539843281387
2020-06-30,0.7846345850033369,2.9264577774911658,1.3362305311161737,1.4944497968086823,1.7440341831818962,2.6190440904891488,3.2364136552119795,3.2896293957410907,0.8826589784697296,1.8819802139024029
2020-07-01,-0.10475121586232697,4.3453316940597215,1.7282032501250182,1.688935534515669,6.724684759339084,1.0337460718196092,0.3395573456945517,-0.7092827587602306,-0.11955847443320027,-0.9125076868105304
2020-07-02,0.19886150850123588,0.40296306850346725,1.8539061072844236,1.9368969286364426,-1.8017460950647288,0.7139479925121918,0.8630588049829305,1.70109297208185,1.5316002357026115,0.8761506298589584
2020-07-06,2.429069597945812,5.768950884596909,2.1164744339069284,2.021862919810023,3.5479843130348687,2.176314226254886,2.3615730636906864,4.476750394251085,3.2795613570062025,1.0523973701879816
2020-07-07,-0.8794015690567415,-1.8619292239448582,-0.7033427695638554,-0.6488167445969042,-0.13162833877360877,-0.7136726424498107,0.3303090883995341,-0.528416680597729,-0.8924409972524625,-1.7786057194876679
2020-07-08,0.04785745840082462,2.6995582533642044,0.7285275789980681,0.9181654878875583,1.9506843713503335,1.851523855135763,3.487222197734029,1.6778383307912486,2.5941029255685586,2.0599173850877555
2020-07-09,-1.1001950178459727,3.294909037690051,1.002004694811163,1.0016000823544342,0.9904950472212756,0.690439545682284,2.868044844417168,0.2689955064966689,0.7118708750171681,0.6039425077677102
2020-07-10,1.904903638663591,0.5457787373048221,2.035089590185191,1.3399954649448356,8.068766723483437,1.1630969342362873,-0.2830780299152219,-1.3155552585766515,0.28627654673006875,-0.6407553973653368
2020-07-13,0.7721796276013143,-3.0,-1.9717996942818543,-1.7400815541773713,-4.233408287425065,-5.0900923133803015,-4.074727548225421,-0.9514597356123844,-1.8264506567391445,-2.545083208850306
2020-07-14,3.175552053330435,-0.6443298969072164,0.6113773501225315,0.5706807161789925,-0.11798194427925786,-1.963975505103609,3.2306175326670545,2.2510752016380953,2.1126026057915612,1.2110117517574062
2020-07-15,0.2598497085469485,-2.436118119730869,-0.4564009527165177,-0.26169275982561846,-0.3086410421652829,-0.17750680433369592,-1.4430904970015512,1.3524086620758557,-5.392738396391895,-0.4125848634899656
2020-07-16,0.2630288596245447,-0.29812569151820967,0.28804638549246886,-0.1292100186693026,0.7892834930501155,-1.5519274541344794,-0.9044424111676894,-0.07130841093869623,2.6076809758196218,-0.7776231257236736
2020-07-17,-0.045760835012977216,-1.2643732416202038,-0.16139335783102768,0.1273949505347405,-6.522691643487759,1.4379893405750626,0.6586207740703567,0.7593883947069726,-0.42314004365490754,0.44003617971065206
2020-07-20,-0.19221360173341723,7.929523915184918,3.3103441165663314,3.097866696818414,1.9107920270867884,5.284208611162297,3.031407588045015,1.914521008185224,2.056889346523863,1.4134558485989095
2020-07-21,0.9142476977485205,-1.8314975794350148,-0.4662345051736351,-0.5064406875447517,-2.4501895799974376,-2.413950073490341,-1.733926544150432,0.02977647028144526,-1.9566765915826025,-0.8797719440578179
2020-07-22,-0.08327521417344146,-1.222963030038813,0.6461638072601606,0.5739325536279851,-0.05713094793099812,0.17331165386412906,1.0674273817518551,1.902800276941806,2.287530754309634,-0.17179139286291586
2020-07-23,0.512222141192731,-3.6568760543145196,-3.366928501440182,-3.0737755271349316,-2.498881337824026,-2.9906747384937433,-2.960119045094297,-0.06816574285451447,-2.13194444823789,-1.3161138757447959
2020-07-24,0.7549164582152876,0.748685369931224,-0.25137617826543185,-0.5630485618922038,0.6009518228275554,-0.3312161736523323,0.6392011681032452,-0.9988337835296537,-4.307320269244793,-1.2529494112410504
2020-07-27,-1.2049886667969727,1.5387648743417073,1.2124029257731725,1.4069720611211942,3.1636968057570334,1.5779341831344051,2.226686404786871,1.7372968852054458,3.83486290056409,2.2531749116645456
2020-07-28,0.9833152266345491,-1.796272057049066,-1.9513780096970197,-1.6855971434799222,-1.4405294499712125,-1.107297247839525,-1.9766767859090433,-1.4705967104490134,-1.4196715552019996,-1.704605729220263
2020-07-29,1.222245136454252,1.106543290484315,1.445009411522535,1.3207850915509063,-0.8249572575248496,0.9346175764753989,2.4472596983552473,0.466422513301865,-3.1193487882988076,0.4880387262003311
2020-07-30,-1.06419102466587,0.6049010010913988,0.6195668598057744,0.9753782552336853,0.27245227392424476,0.5913401700730626,1.4189462876244958,0.317648032663924,-0.5183498275682284,1.0522783458792997
2020-07-31,0.7787563237484642,3.696084156633735,-3.1662797858506675,-3.2774978779712667,0.6340092974963784,1.2395193175544348,0.007070053876975164,0.8257013159882113,-2.4839396196085,1.4899183221839902
2020-08-03,1.7603727126904174,-1.6681004146644534,-0.573852969047467,-0.34879811664112237,1.992306933622645,0.8214786271870331,3.7259498517623113,1.2416957633957182,3.6441189136640286,1.41436176539254
2020-08-04,0.5120481927710844,0.8657178266855615,-0.6429503057201383,-0.6379967678650375,2.210103814360681,-0.2343879702005868,1.9754238746516102,-0.8041210181723187,1.0147012639453261,2.228933683385547
2020-08-05,1.6215496287417173,2.109064508882875,0.5897741811247265,0.3929896694697626,-1.477519245043858,0.579521225291787,0.5254870428658098,1.0054810754758907,-0.4914456571745449,0.35019099392407704
2020-08-06,0.7388597640891219,0.6230821714798737,1.7976255927755012,1.748371360035587,1.38814232420073,3.2479756331900025,0.4319249486776306,-0.9930928941140319,0.19538253399365937,-0.1153113925959436
2020-08-07,2.237400595209055,-1.7841872577519382,-0.3739740979177902,-0.43722092216846264,-2.8188056817080303,-3.132873346030184,-1.1997708103180613,-0.3367614949591586,-0.8558377656264261,-0.9812925162044562
2020-08-10,1.4303257045053985,-0.609322582325953,0.10772807861429787,-0.10344900346217695,-2.294181846960823,-1.3968900676169778,-0.30804971329216824,-1.0064360949795863,-0.1802895529560599,0.4387485389501176
2020-08-11,0.17250572405357087,-2.1437916789034515,-1.0547443054863266,-1.0876329692775595,-3.403122189760266,-1.8182222480155381,-2.8213206654053526,-0.7119239478435833,-1.1220326292873783,-1.017218918524291
2020-08-12,0.19412611935625274,2.6478029268948324,1.7766462509713006,1.8033927126200389,1.8289697982309177,2.3274990486702873,5.440094776146024,2.192814471331831,3.736402110031298,2.9657743435440187
2020-08-13,-0.589375,-0.03857932057315421,0.7851983972751766,0.6243222207914113,1.2324616351226791,1.0463453869639447,0.024042356185605122,0.10331965402449357,-0.013331882711147474,-1.2648371022110398
2020-08-14,-0.5856391105075539,-0.4112596541520094,-0.7059811681545238,-0.7925374567473978,0.28047413233684715,-0.5377500931592463,1.057415931187209,-0.6817001110515137,-0.9766272624711827,-0.48570046943691425
2020-08-17,-1.9070295429895874,1.0924292845903107,0.6798299518335039,0.7716172955401577,-0.06836549624448154,0.8891823982302532,6.6845421073638125,0.734714887123855,1.9967658837139781,0.7626038830240129
2020-08-18,1.031203661917349,4.087470870111132,2.675924296751536,2.607769173558603,1.973668268520519,2.641840548318948,-0.6180718299894998,0.11996163690174741,-0.3408123290110566,-0.5085884894702786
2020-08-19,-0.835622601054818,-1.5701182469669905,-0.7102493559901977,-0.7179706471975175,-1.4922634864405335,-0.32361760660972105,-0.9970824721817477,0.7955943789241268,-0.604418568650673,0.17342657977098166
2020-08-20,-0.4826254826254826,1.1314327013118606,2.2112637593645244,2.048414483170393,2.759374063705295,3.5648580923729902,0.020602843217520116,0.35423439225516884,-0.7387844902078146,-0.11541755512900559
2020-08-21,0.5903653410927902,-0.3836435108826962,-0.08408130581239134,-0.0431437723037272,-1.1227146829515346,-1.0993165116306807,4.468330408072338,1.530410278046546,-0.013442916011327941,0.36187820778008867
2020-08-24,2.4665248163123623,0.6922961603179614,0.4922683217267339,0.6080388971345857,-0.7109341710216716,0.6508572258823903,0.28973849985407446,-2.0556727477099415,1.5774538328535193,1.2059924783457405
2020-08-25,0.36700125470514433,1.1800605225108132,1.2605477991910248,1.3058670064700384,0.3621016391874649,1.7069084801963663,0.23388659848755092,0.6027248882034917,0.7513357309310777,0.6407196726130117
2020-08-26,0.728505797418508,2.8495560333409617,2.745895150175285,2.3837861493199264,11.608717086590785,9.09522494988913,0.18039429166336363,0.7956621788222771,1.3365621040931837,1.0501617680430317
2020-08-27,1.041883208553495,-1.215918662022733,-1.0923666937863434,-0.9494374109835141,-3.8828938374259763,-3.438094050201057,-1.1332559999096226,-1.2028712919320952,-2.5134754097241427,-0.15603623881069753
2020-08-28,0.544127446193718,0.05294261259191176,0.6167713005355147,0.6699355272788002,-0.45224025585428107,1.1992465569352342,4.113790484034155,0.9392969161949831,0.8638539187843763,1.674829893721295
2020-08-31,0.039397613543006006,1.4451146864528366,-0.6221064245605396,-0.6038698870777235,1.0822849742538558,-0.5905793080609939,1.7246232546948297,1.0601207921112712,-1.3940490882641552,0.6757109736831202
2020-09-01,-0.03663450970814507,1.3955582445215227,1.6234384434149536,1.5679322441720833,5.096682218975322,2.836050009380125,3.3693755934712515,1.1072779083402389,3.399434123610486,3.5690589940415482
2020-09-02,1.6491570974835086,0.9239418168462552,4.068745894751574,3.764776340007294,-0.6665997698090094,1.1080548253958007,3.8021741665650657,1.6899855429235437,2.9956012020477574,4.3027201717159365
2020-09-03,-1.6464367263550055,-4.628409107642481,-5.0015079738975725,-5.11706741818935,-4.900156562388547,-4.870738215543759,-9.277518805831663,-4.8496741740523985,-5.6036451232852365,-6.111835553245807
2020-09-04,0.012524437927663735,-2.178737613197743,-3.0940851614871816,-2.964084205599453,-1.8449856789407773,-3.123274071055837,-3.0194777514480435,-2.3089585586005272,-2.323476269875555,3.0844383818011556
2020-09-08,-0.0613926041765297,-4.394437724142489,-3.6862695453359726,-3.6434114870744625,-1.74983024763091,-6.059681548695442,-5.620919924857057,-1.1415231669110952,-5.462416809268232,-3.4192009975593276
2020-09-09,0.7823960880195598,3.7706682313128956,1.6033742098417003,1.5509323484811035,-1.347084280750398,3.7500241034252224,6.732148216575341,3.212438021455998,3.460478843064211,2.7072488935945884
2020-09-10,-0.7720766618146531,-2.8605430726562973,-1.6018357589126948,-1.3688935651446148,-3.902514828044481,-0.6674137042679482,-3.171452557466492,0.3370643504610482,-0.6594873872408453,-0.8193852626421172
2020-09-11,-0.030255429168678603,-1.8547431341386644,-0.7375914599068006,-0.6742923713676274,0.2829353430775155,-1.0309502291669763,-1.1960149241676317,2.7160292742236165,0.6246550636167604,0.7337489098357755
2020-09-14,0.7978845360194426,-0.42519463082095427,-0.09468813680300549,-0.4571999304829966,-1.1970186561591434,3.088999123805284,5.818171460864901,0.7402928365804324,2.424629000932087,0.695023373953642
2020-09-15,-0.2793236788232618,1.7131945397888946,1.4585798326876342,1.7424123213488956,4.142690980596804,2.420203263360398,0.9225268801075301,0.23036373035493865,0.627823055467154,1.300380081418456
2020-09-16,0.3032201554725612,-2.4723249059292787,-1.3325149063835084,-1.5002103659731785,-2.445614855469279,-4.354293576677597,-3.6679317347309475,-0.28039318481340886,-2.125594942421564,0.03543366240252251
2020-09-17,-1.030924709142786,-2.2536667095498393,-1.6680909139285123,-1.656642615455943,-2.823125192839867,-0.3571454216452087,-0.40752740505473833,-0.21896107487679217,1.2031587450747647,-0.30514957465473086
2020-09-18,0.3676459324573148,-1.7887968913378534,-2.3764176155800216,-2.4175591979925515,-0.05104652184641857,-1.423149941750866,-2.200426493022565,-0.8962152676914183,-0.10906880005774232,-1.6916249022110383
2020-09-21,-2.462446695828157,0.18816338768788143,-1.9746680626255095,-1.4437389593574805,3.700318104652905,1.7303020140492353,2.6908945199325696,-0.8344037796986155,-1.0154490494147124,-1.3156374741570132
2020-09-22,0.3339237764995274,5.692340108122283,2.396652082132278,2.075316496050985,0.7838324153847165,2.3421040677356246,0.962676941333871,1.1211101825336445,0.5570571485226913,2.785750174780314
2020-09-23,-1.7969376265201917,-4.1268870535066045,-3.428957551856519,-3.4545309350526745,-4.185929009120355,-3.367020866091603,-4.067178915509135,-2.2034167489620002,-1.941642506622062,-2.7655672105896967
2020-09-24,-0.3366789480370982,0.664362034460103,0.9242500043127986,0.9557305332892535,0.5248510013781253,-0.5782438266118411,1.849674203609698,-0.6226820943486876,0.7271487191526881,0.2645146470926236
2020-09-25,0.4385238064886226,2.4948702649999275,1.1671244228477424,1.1385570898730955,2.071535171367869,2.589429513088456,4.257771218784956,0.9924924884359263,0.08885086274230256,1.2141143610131886
2020-09-28,1.5563720823972889,2.549817584518016,1.353674781483862,1.3619984425869343,1.609093135997116,1.8195862704864463,1.2525536641457402,1.4445084465554938,2.934974454999911,2.942824292539802
2020-09-29,-1.3028766391406639,-0.9190203546536632,0.3284309165658944,0.5045716739405672,0.5767893865378947,0.16785261105172225,1.4633677962598557,1.3889169023898837,0.792325861411422,-0.82766046589576
2020-09-30,1.3010817022327321,0.12242431506817412,0.01837705207991758,-0.0286519924500626,1.327305594380036,0.22479842513252005,2.304205806578761,1.6530797435731432,-1.2647090169047561,0.016476236577464883
2020-10-01,-0.437811131840213,2.3034693272135547,1.3942562993174745,1.5215644923308342,5.495672470334574,1.8514400068199877,0.6208311613361432,-0.7519409998288498,3.4500524972817983,1.174790239260594
2020-10-02,-0.35153797865662273,-2.9882719641941837,-2.1253697831301968,-2.170848060900114,-4.634985451346126,-4.108029695116259,-4.0563405040761165,-0.7165712216151391,-3.143893096711482,-3.193172748139044
2020-10-05,0.4787703162403931,2.3743984375,1.8924572314073624,1.8707049275532475,3.496606158477142,1.5616215659680224,4.442186374584188,3.588012485865187,3.272968997749658,2.597884717345461
2020-10-06,-1.1442006269592475,-3.1020252484694852,-2.192438708549637,-2.1452180941955787,-2.8387647371203695,-1.5396612772792375,0.6890272527474495,-1.0606434141881025,-3.140464511841772,-0.5790747061940349
2020-10-07,1.3385127635960046,3.088103771501585,0.4713024226940062,0.559606001839358,5.691181193831092,2.9583662334837424,1.6561674208034185,1.4510235307127688,1.5373883462017977,0.7582784900893034
2020-10-08,1.1590538565764728,-0.16083827506316872,1.755816581813999,1.6646818549728004,-0.536788849239598,-0.4684168279800556,-0.8969537239210102,0.26085963471686785,1.3544516227388474,1.7969075526160423
2020-10-09,0.06032016085376228,3.012015233891161,1.9711504534846265,1.8214473539446452,1.438542419027859,2.306252018718161,-0.5491754206940487,2.460641483418372,2.1265843026108477,0.9026934305672726
2020-10-12,0.3369709710328624,4.754994719255915,3.559222736875076,3.5843633618203135,0.06858874305079297,1.738491899526575,3.365960244394632,0.43468596928170966,2.583622930332819,1.5211018629400404
2020-10-13,-1.7226398816859747,0.02033010214475841,0.16123565353922995,0.15850673485878772,2.6453806638371806,0.6694166674034101,0.15640964649896352,0.17355360925762298,1.5311675868797294,-0.24579917365701157
2020-10-14,-0.9057306509410005,-2.3208046333285783,-0.22906046607575817,-0.23164281156744918,-2.2812203858227535,-1.555482109617886,-1.0738111242933164,-0.11122014791084599,-1.7573706733546284,-0.31193099761041687
2020-10-15,0.46190837762591747,-0.7450124679229332,-0.5707585979475951,-0.5097714656027234,0.09049593191026566,-1.0191392006854898,-0.8886015678847108,-0.5246196973007435,-2.8791768673835363,-0.09729382825154768
2020-10-16,0.303583800466083,-1.9750480983333953,0.8902403801699493,0.7862562890379449,-2.057427826665702,0.3332362462483405,-1.1345644852461367,0.8674914300109289,0.08536435266739628,-0.33689871239204483
2020-10-19,-1.5710948685102855,-2.001399475718798,-2.4411811861123516,-2.4079862968536427,-0.013189270166524741,-1.5154518527887806,-2.2716743995247124,-1.5578601228036373,-0.4109609651224022,-0.7606007587719031
2020-10-20,0.5980861244019139,0.3055630578442188,1.3892825253897199,1.3810912485488718,-0.9986411074652359,-0.12520711217317318,1.0946400834442274,0.8606282941314414,-0.09083570759298733,0.32466500671624676
2020-10-21,-0.05358699960364645,-0.9968905369278432,2.402421933663414,2.250692109289088,-6.9220806783449635,0.27902562179613394,-0.8849143754291072,0.7522644087928457,-0.5091392622502532,-1.310377252897193
2020-10-22,0.6262571143950305,-0.26813815078501313,1.3820221206895653,1.3032896848395565,-0.7811015033207209,-2.4921335520028562,-1.2107376151708826,2.8223377351853127,-1.9582272164633763,0.3547883732190369
2020-10-23,0.6822624377325178,0.8815010974953065,1.5891517302142717,1.638177693422285,0.6285653656848291,1.0132328028621902,1.7158157158835514,-0.37759533048443933,0.8149161500162405,-0.1740879998806232
2020-10-26,-2.069555087930257,0.08239098736768034,-3.0804417323659354,-2.9816618690128376,-0.008193770996538178,-2.7226177672402763,-3.303842057099627,0.47065951084475305,-2.924240982202341,-2.5971209821354253
2020-10-27,-0.7018721921115322,2.472374466696041,0.8683114224106503,0.9209150761905994,0.14132444191534185,0.7070676063237661,1.9442591884089673,1.4240402184991123,-0.30477104197398464,-0.9475492022949598
2020-10-28,-2.8337734269337287,-3.759514287701006,-5.462955762466541,-5.508853434010089,-0.5501815150845208,-4.511450277506155,-5.745798071595601,-2.5730600199090237,-0.958050312798181,-3.4455001399799157
2020-10-29,0.41757804732551207,1.5249236438195204,3.3376848043781826,3.0500367067389305,3.6957061495582284,0.9059640938793013,3.144061556526329,-1.0131909202158664,2.2047096104943344,2.246479180991686
2020-10-30,-0.16501650165016502,-5.445641928554381,3.430873373975666,3.804402412709275,-5.646457171255722,-3.0383161703525667,-3.7622900945143076,0.2627763541785018,-2.6020613300247017,-1.5154468037442552
2020-11-02,1.28099173553719,-1.0430948040659147,0.3096846719642295,0.5080075621037659,1.7614674096840293,-0.48311420993566695,0.37299119711792317,1.570422124836272,1.5036141872306916,0.4633410804795331
2020-11-03,1.3982864137086903,1.4621475904715857,1.4870532035057706,1.313785990215707,0.6403383737053101,2.0407215630069815,3.4874735296774255,2.2786445634571217,1.8756349124578087,0.7145925828631844
2020-11-04,-0.3721121873179274,6.322968549417453,5.9943913978749155,6.08813116472089,1.9970467062005077,7.314660758616115,5.95068664023428,3.96134142744582,2.9403866347344603,3.0727061867554313
2020-11-05,0.785452806596382,2.494171533733847,0.8141184585835886,0.9536915913106717,3.3826334934449385,1.8964329015098944,2.651465610625912,0.7417279435380195,3.9660580786961637,4.45382721338937
2020-11-06,0.6254528201478518,-0.3199844314419025,-0.09186926859781577,-0.15716422872340427,0.1887984048364325,-0.37061581432241747,2.838973189739055,2.5060107531626743,2.021644878980418,-0.06564090795040446
2020-11-09,5.325198719276168,-5.06225885421413,0.07095217823187172,0.09604106853440705,-8.592851037833665,-4.749002285039347,-6.3950619949640135,-8.086641517224683,0.02215349056076502,-1.3346560164155883
2020-11-10,3.750756200846945,-3.4583003378412225,-1.2824722264074022,-1.3455094554904092,2.0701360753188096,-4.062489717142725,-6.314766063372231,-3.381510613806274,-1.7301205944953157,-3.3045811216247403
2020-11-11,-0.5072886297376092,3.37295544635932,0.7078842205119842,0.5472694062310288,2.1905754924982066,3.484513274336283,5.0743888510759625,3.288587765988824,4.695717649188009,3.522156014249932
2020-11-12,-1.303698060130106,-0.8640897118136849,-0.16374615202462703,-0.2524014714138758,-0.8130289087447572,-1.1052941587887495,0.2887946033129477,0.5289260681881576,-1.2749639344339019,-1.521597134584251
2020-11-13,1.4675886476391804,0.5957672338932127,1.5532879715771999,1.689220021795619,-0.8073613337881578,1.4613709978498888,-1.1871383945235974,0.4172147651406798,1.6645655885026402,0.8914033450488331
2020-11-16,2.278246926151559,0.0719123231472628,0.24535375536807938,0.0998735807103202,-0.7745816963675397,-1.7876132859598006,1.6413468341829904,-1.5554991065539476,1.6492322238687918,1.957167619316803
2020-11-17,0.0017165417405733251,0.14691042105691604,-0.6304090333319285,-0.6972821718294286,0.3193485201013125,1.5186028451293365,-0.6881061867669038,-0.41372439938645617,-0.00703354636702662,-0.05514446184080829
2020-11-18,-1.13118158983367,-0.9631130932040183,-1.320226805347937,-1.1931938696127553,0.2413506544170516,-1.812161719225767,0.04843180565236201,-5.181633455284291,-0.6260582815028977,0.00524820491579704
2020-11-19,-0.17130026158012915,0.3722494812092235,0.9812348642053578,1.0300769538637984,0.5977718158810613,1.510436464397742,0.08563244630890254,-0.23778498300306597,-0.10618253689709943,0.9747240632203268
2020-11-20,-1.061159420289855,-0.5652872640243672,-1.2319210620487857,-1.2618173904924996,0.736578849059107,-0.7482665909763211,-2.6227170638323987,-0.4546486137836474,0.054329883382134354,-0.2601918553566801
2020-11-23,0.9011569143871636,-0.03258726842125909,-0.4207323139961967,-0.5079502334892272,-2.3799761079811246,-0.49901235832667007,0.39922305912016276,-1.1107658063840393,0.840434757518211,0.9574034433059039
2020-11-24,1.9412627208454916,0.6348512194266727,1.9609662922945321,2.1035428342730715,1.3134173617885752,0.45375196412069274,-1.3869853327149022,-1.450574965996279,-0.6742373695340473,1.3514233570721221
2020-11-25,-0.20108174001213325,2.1490929778898042,0.14416177587433013,0.013038180484542802,0.43903145621073913,1.59498036968546,2.1377155711366416,2.022480026783767,-0.18619700846158443,-0.35693645757358067
2020-11-27,-0.8544642474921159,0.32244249924900625,1.2283797291193121,1.297524251902174,1.3113371858891754,1.4784743885204354,0.20023148521894452,1.1037958185048535,3.3744161841454887,1.0541703413083592
2020-11-30,-1.0687936995000016,-0.85437067971525,-1.8096215254490664,-1.8253849850962494,-0.1343156065219773,0.3018683196216519,1.057591531441133,2.554040628880241,-0.009132199179259283,1.6786908057047245
2020-12-01,0.30463676357626684,1.6426572398339987,2.121834317319586,2.334699063355284,2.8286068921837066,0.14211814200397296,-0.08581796364163534,1.316181894517653,2.6294699835891246,0.7445624728833677
